Yuan Dean Scientific Co., LTD
DC-DC CONVERTER  ATE Product Test  Type: 01D-3R3-1C-(NA052)
輸出組別 : 1OUT
客戶名稱: 達運
批號: YS11-17100029
預測數量:  1000 
輸入低電壓  :  4.75  V  
輸入正常電壓 :  24  V  
輸入高電壓  :  36  V  
測試負載  滿載 :  1  Amp輕載 :  0.1  Amp
交越測試  負載_F :  100  Amp  負載_N  :  1  Amp
記錄日期 2018/1/3 
記錄項目  ,  , 空載輸入電流_L  ,空載輸入電流_N   ,空載輸入電流_H  ,空載輸入功率_L  ,空載輸入功率_N   ,空載輸入功率_H   ,空載輸出電壓 CH1_L  ,空載輸出電壓 CH1_N   ,空載輸出電壓 CH1_H  ,空載輸出電壓 CH2_L  ,空載輸出電壓 CH2_N   ,空載輸出電壓 CH2_H   ,空載漣波雜訊CH1_L  ,空載漣波雜訊CH1_N   , 空載漣波雜訊 CH1_H  ,空載漣波雜訊CH2_L  ,空載漣波雜訊 CH2_N   ,空載漣波雜訊CH2_H   ,滿載輸入電流_L  ,滿載輸入電流_N   ,滿載輸入電流_H  ,滿載輸入功率_L  ,滿載輸入功率_N   ,滿載輸入功率_H   , 滿載輸出電壓 CH1_L  ,滿載輸出電壓 CH1_N   , 滿載輸出電壓 CH1_H  ,滿載輸出電壓 CH2_L  ,滿載輸出電壓 CH2_N   ,滿載輸出電壓 CH2_H   ,滿載漣波雜訊CH1_L  ,滿載漣波雜訊CH1_N   , 滿載漣波雜訊 CH1_H  ,滿載漣波雜訊CH2_L  ,滿載漣波雜訊 CH2_N   ,滿載漣波雜訊CH2_H   ,滿載效率_L  ,滿載效率_N  ,滿載效率_H  ,輸入電壓變動穩壓率 CH1   ,輸入電壓變動穩壓率 CH2  ,輸出負載變動穩壓率CH1_L  ,輸出負載變動穩壓率CH1_N  ,輸出負載變動穩壓率CH1_H  ,輸出負載變動穩壓率CH2_L  ,輸出負載變動穩壓率CH2_N  ,輸出負載變動穩壓率CH2_H   ,短路保護測試_L  ,短路保護測試_N   ,短路保護測試_H  ,過電流保護測試_L  ,過電流保護測試_N   ,過電流保護測試_H   ,遠端控制關機測試  ,輸出電壓整理微調正緣   ,輸出電壓整理微調負緣  ,遞減遠端控制關機測試_L  ,遞減遠端控制關機測試_N   ,遞減遠端控制關機測試_H  ,過電壓保護_L  ,過電壓保護_N   ,過電壓保護_H    ,遞減欠壓鎖定_L  ,遞增過電流保護_L  ,遞增過電流保護_N  ,遞增過電流保護_H , 遞增遠端控制開機測試_L  ,遞增遠端控制開機測試_N  ,遞增遠端控制開機測試_H  ,交越負載CH1_L  ,交越負載CH1_N  ,交越負載CH1_H  ,交越負載CH2_L  ,交越負載CH2_N  ,交越負載CH2_H  ,日期 ,時間 
  ,規格下限,0_mA  ,0_mA  ,0_mA  ,0_W  ,0_W ,0_W , 3.234  _V , 3.234 _V  , 3.234 _V  , 3.234 _V  , 3.234 _V  , 3.234 _V  ,0_p-pmV ,0_p-pmV ,0_p-pmV ,0_p-pmV ,0_p-pmV ,0_p-pmV , 50 _mA  , 50 _mA  , 50 _mA  , 1  _W , 1 _W  , 1 _W  , 3.234 _V  , 3.234 _V  , 3.234 _V  , 3.234 _V  , 3.234 _V  , 3.234 _V  ,0_p-pmV ,0_p-pmV ,0_p-pmV ,0_p-pmV ,0_p-pmV ,0_p-pmV ,0_%  ,0_%  ,0_%  ,-0.3 _%  , -0.3 _%  ,-0.4 _%  ,-0.4 _%  ,-0.4 _%  ,-0.4 _%  ,-0.4 _%  ,-0.4 _%  ,LOAD ,LOAD  ,LOAD,  1.5 _A  , 1.5 _A  , 1.5 _A  ,Relay_Low ,  0 _V  , 0 _V ,St  1 _V  ,St  1 _V  ,St  1 _V  ,SwitchPower  , SwitchPower  , SwitchPower  ,St  4.75 _V ,St  1 _A,St  1 _A ,St  1 _A ,St  0.1 _V ,St  0.1 _V ,St  0.1 _V ,-1 _% ,-1 _% ,-1 _% ,-1 _% ,-1 _% ,-1 _% ,
No. ,規格上限,< 50 _mA  , < 50 _mA  ,< 50 _mA  ,< 2 _W  ,< 2 _W ,< 2 _W , 3.366  _V , 3.366 _V  , 3.366 _V  , 3.366 _V  , 3.366 _V  , 3.366 _V  ,< 50 _p-pmV ,< 50 _p-pmV ,< 50 _p-pmV ,< 50 _p-pmV ,< 50 _p-pmV ,< 50 _p-pmV , 1000 _mA  , 1000 _mA  , 1000 _mA  , 10  _W , 10 _W  , 10 _W  , 3.366 _V  , 3.366 _V  , 3.366 _V  , 3.366 _V  , 3.366 _V  , 3.366 _V  ,< 50 _p-pmV ,< 50 _p-pmV ,< 50 _p-pmV ,< 50 _p-pmV ,< 50 _p-pmV ,< 50 _p-pmV ,> 79 _%  ,> 79 _%  ,> 79 _%  , 0.3 _%  , 0.3 _%  , 0.4 _%  , 0.4 _%  , 0.4 _%  , 0.4 _%  , 0.4 _%  , 0.4 _%  ,< 500  _ mA,< 500  _ mA,< 500  _ mA,< 3.234 _V   ,< 3.234 _V   ,< 3.234 _V   ,< 1 _V  , 0 _V  , 0 _V , < End  0.1 _V  ,< End  0.1 _V  ,< End  0.1 _V  ,< 0.1 _V  ,< 0.1 _V  ,< 0.1 _V  ,< 1 _V ,< End  10 _A ,< End  10 _A ,< End  10 _A ,> End  3 _V ,> End  3 _V ,> End  3 _V , 1 _% , 1 _% , 1 _% , 1 _% , 1 _% , 1 _% ,
 3497 ,PASS ,  0  , 0  , 0  , 0  , 0  , 0  , 3.319  , 0  , 3.319  , 0  , 0  , 0  , 0  , 0  , 0  , 0  , 0  , 0  , 768.832  , 0  , 112.467  , 3.646  , 0  , 4.043  , 3.301  , 3.296  , 3.296  , 0  , 0  , 0  , 18.4  , 0  , 19.2  , 0  , 0  , 0  , 90.20845  , 0  , 81.39994  , 0  , 0  , 0  , 0  , 0  , 0  , 0  , 0  , 358.505  , 0  , 50.273  , 0  , 0  , 0  , 0  , 0  , 0  , 0  , 0  , 0  , 0  , 0  , 0  , 0  , 0  , 0  , 0  , 0  , 0  , 0  , 0  , 0  , 0  , 0  , 0  , 0  ,2018/1/3 ,下午 05:10:08 
 3498 ,PASS ,  0  , 0  , 0  , 0  , 0  , 0  , 3.325  , 0  , 3.325  , 0  , 0  , 0  , 0  , 0  , 0  , 0  , 0  , 0  , 769.043  , 0  , 112.578  , 3.65  , 0  , 4.047  , 3.304  , 3.299  , 3.299  , 0  , 0  , 0  , 19.2  , 0  , 19.2  , 0  , 0  , 0  , 90.30137  , 0  , 81.34421  , 0  , 0  , 0  , 0  , 0  , 0  , 0  , 0  , 344.958  , 0  , 49.209  , 0  , 0  , 0  , 0  , 0  , 0  , 0  , 0  , 0  , 0  , 0  , 0  , 0  , 0  , 0  , 0  , 0  , 0  , 0  , 0  , 0  , 0  , 0  , 0  , 0  ,2018/1/3 ,下午 05:10:33 
 3499 ,PASS ,  0  , 0  , 0  , 0  , 0  , 0  , 3.36  , 0  , 3.359  , 0  , 0  , 0  , 0  , 0  , 0  , 0  , 0  , 0  , 774.32  , 0  , 113.27  , 3.675  , 0  , 4.073  , 3.334  , 3.331  , 3.33  , 0  , 0  , 0  , 18.4  , 0  , 17.6  , 0  , 0  , 0  , 90.69388  , 0  , 81.5124  , 0  , 0  , 0  , 0  , 0  , 0  , 0  , 0  , 327.349  , 0  , 44.872  , 0  , 0  , 0  , 0  , 0  , 0  , 0  , 0  , 0  , 0  , 0  , 0  , 0  , 0  , 0  , 0  , 0  , 0  , 0  , 0  , 0  , 0  , 0  , 0  , 0  ,2018/1/3 ,下午 05:11:03 
 3500 ,PASS ,  0  , 0  , 0  , 0  , 0  , 0  , 3.323  , 0  , 3.323  , 0  , 0  , 0  , 0  , 0  , 0  , 0  , 0  , 0  , 768.972  , 0  , 112.641  , 3.647  , 0  , 4.049  , 3.304  , 3.303  , 3.301  , 0  , 0  , 0  , 20  , 0  , 19.2  , 0  , 0  , 0  , 90.26597  , 0  , 81.35342  , 0  , 0  , 0  , 0  , 0  , 0  , 0  , 0  , 331.615  , 0  , 47.599  , 0  , 0  , 0  , 0  , 0  , 0  , 0  , 0  , 0  , 0  , 0  , 0  , 0  , 0  , 0  , 0  , 0  , 0  , 0  , 0  , 0  , 0  , 0  , 0  , 0  ,2018/1/3 ,下午 05:11:27 
 3501 ,PASS ,  0  , 0  , 0  , 0  , 0  , 0  , 3.298  , 0  , 3.299  , 0  , 0  , 0  , 0  , 0  , 0  , 0  , 0  , 0  , 764.281  , 0  , 111.933  , 3.625  , 0  , 4.025  , 3.28  , 3.276  , 3.275  , 0  , 0  , 0  , 19.2  , 0  , 19.2  , 0  , 0  , 0  , 90.28966  , 0  , 81.36646  , 0  , 0  , 0  , 0  , 0  , 0  , 0  , 0  , 324.837  , 0  , 47.154  , 0  , 0  , 0  , 0  , 0  , 0  , 0  , 0  , 0  , 0  , 0  , 0  , 0  , 0  , 0  , 0  , 0  , 0  , 0  , 0  , 0  , 0  , 0  , 0  , 0  ,2018/1/3 ,下午 05:11:58 
 3502 ,PASS ,  0  , 0  , 0  , 0  , 0  , 0  , 3.315  , 0  , 3.315  , 0  , 0  , 0  , 0  , 0  , 0  , 0  , 0  , 0  , 767.255  , 0  , 112.359  , 3.641  , 0  , 4.039  , 3.296  , 3.293  , 3.293  , 0  , 0  , 0  , 17.6  , 0  , 20.8  , 0  , 0  , 0  , 90.2774  , 0  , 81.30725  , 0  , 0  , 0  , 0  , 0  , 0  , 0  , 0  , 357.084  , 0  , 52.727  , 0  , 0  , 0  , 0  , 0  , 0  , 0  , 0  , 0  , 0  , 0  , 0  , 0  , 0  , 0  , 0  , 0  , 0  , 0  , 0  , 0  , 0  , 0  , 0  , 0  ,2018/1/3 ,下午 05:12:21 
 3503 ,PASS ,  0  , 0  , 0  , 0  , 0  , 0  , 3.315  , 0  , 3.313  , 0  , 0  , 0  , 0  , 0  , 0  , 0  , 0  , 0  , 766.637  , 0  , 112.226  , 3.637  , 0  , 4.035  , 3.293  , 3.289  , 3.289  , 0  , 0  , 0  , 18.4  , 0  , 17.6  , 0  , 0  , 0  , 90.48666  , 0  , 81.14003  , 0  , 0  , 0  , 0  , 0  , 0  , 0  , 0  , 396.096  , 0  , 55.624  , 0  , 0  , 0  , 0  , 0  , 0  , 0  , 0  , 0  , 0  , 0  , 0  , 0  , 0  , 0  , 0  , 0  , 0  , 0  , 0  , 0  , 0  , 0  , 0  , 0  ,2018/1/3 ,下午 05:12:51 
 3504 ,PASS ,  0  , 0  , 0  , 0  , 0  , 0  , 3.346  , 0  , 3.348  , 0  , 0  , 0  , 0  , 0  , 0  , 0  , 0  , 0  , 772.5  , 0  , 113.001  , 3.665  , 0  , 4.063  , 3.324  , 3.323  , 3.321  , 0  , 0  , 0  , 20.8  , 0  , 19.2  , 0  , 0  , 0  , 90.36835  , 0  , 81.71301  , 0  , 0  , 0  , 0  , 0  , 0  , 0  , 0  , 298.934  , 0  , 43.672  , 0  , 0  , 0  , 0  , 0  , 0  , 0  , 0  , 0  , 0  , 0  , 0  , 0  , 0  , 0  , 0  , 0  , 0  , 0  , 0  , 0  , 0  , 0  , 0  , 0  ,2018/1/3 ,下午 05:13:12 
 3505 ,PASS ,  0  , 0  , 0  , 0  , 0  , 0  , 3.309  , 0  , 3.309  , 0  , 0  , 0  , 0  , 0  , 0  , 0  , 0  , 0  , 766.038  , 0  , 112.673  , 3.636  , 0  , 4.05  , 3.291  , 3.288  , 3.286  , 0  , 0  , 0  , 19.2  , 0  , 20.8  , 0  , 0  , 0  , 90.18152  , 0  , 81.11111  , 0  , 0  , 0  , 0  , 0  , 0  , 0  , 0  , 335.217  , 0  , 49.817  , 0  , 0  , 0  , 0  , 0  , 0  , 0  , 0  , 0  , 0  , 0  , 0  , 0  , 0  , 0  , 0  , 0  , 0  , 0  , 0  , 0  , 0  , 0  , 0  , 0  ,2018/1/3 ,下午 05:13:33 
 3506 ,PASS ,  0  , 0  , 0  , 0  , 0  , 0  , 3.345  , 0  , 3.348  , 0  , 0  , 0  , 0  , 0  , 0  , 0  , 0  , 0  , 773.675  , 0  , 113.248  , 3.672  , 0  , 4.072  , 3.329  , 3.326  , 3.326  , 0  , 0  , 0  , 19.2  , 0  , 20.8  , 0  , 0  , 0  , 90.25054  , 0  , 81.58154  , 0  , 0  , 0  , 0  , 0  , 0  , 0  , 0  , 354.68  , 0  , 51.717  , 0  , 0  , 0  , 0  , 0  , 0  , 0  , 0  , 0  , 0  , 0  , 0  , 0  , 0  , 0  , 0  , 0  , 0  , 0  , 0  , 0  , 0  , 0  , 0  , 0  ,2018/1/3 ,下午 05:13:55 
 3507 ,PASS ,  0  , 0  , 0  , 0  , 0  , 0  , 3.351  , 0  , 3.351  , 0  , 0  , 0  , 0  , 0  , 0  , 0  , 0  , 0  , 774.668  , 0  , 113.466  , 3.676  , 0  , 4.079  , 3.333  , 3.326  , 3.326  , 0  , 0  , 0  , 20  , 0  , 18.4  , 0  , 0  , 0  , 90.50598  , 0  , 81.56411  , 0  , 0  , 0  , 0  , 0  , 0  , 0  , 0  , 358.127  , 0  , 52.406  , 0  , 0  , 0  , 0  , 0  , 0  , 0  , 0  , 0  , 0  , 0  , 0  , 0  , 0  , 0  , 0  , 0  , 0  , 0  , 0  , 0  , 0  , 0  , 0  , 0  ,2018/1/3 ,下午 05:14:16 
 3508 ,PASS ,  0  , 0  , 0  , 0  , 0  , 0  , 3.348  , 0  , 3.348  , 0  , 0  , 0  , 0  , 0  , 0  , 0  , 0  , 0  , 773.974  , 0  , 113.304  , 3.672  , 0  , 4.074  , 3.329  , 3.326  , 3.326  , 0  , 0  , 0  , 20  , 0  , 20  , 0  , 0  , 0  , 90.63181  , 0  , 81.68876  , 0  , 0  , 0  , 0  , 0  , 0  , 0  , 0  , 327.251  , 0  , 46.759  , 0  , 0  , 0  , 0  , 0  , 0  , 0  , 0  , 0  , 0  , 0  , 0  , 0  , 0  , 0  , 0  , 0  , 0  , 0  , 0  , 0  , 0  , 0  , 0  , 0  ,2018/1/3 ,下午 05:14:37 
 3509 ,PASS ,  0  , 0  , 0  , 0  , 0  , 0  , 3.32  , 0  , 3.32  , 0  , 0  , 0  , 0  , 0  , 0  , 0  , 0  , 0  , 768.17  , 0  , 112.588  , 3.646  , 0  , 4.047  , 3.3  , 3.296  , 3.294  , 0  , 0  , 0  , 19.2  , 0  , 18.4  , 0  , 0  , 0  , 90.56501  , 0  , 81.14653  , 0  , 0  , 0  , 0  , 0  , 0  , 0  , 0  , 312.535  , 0  , 45.434  , 0  , 0  , 0  , 0  , 0  , 0  , 0  , 0  , 0  , 0  , 0  , 0  , 0  , 0  , 0  , 0  , 0  , 0  , 0  , 0  , 0  , 0  , 0  , 0  , 0  ,2018/1/3 ,下午 05:14:58 
 3510 ,PASS ,  0  , 0  , 0  , 0  , 0  , 0  , 3.31  , 0  , 3.31  , 0  , 0  , 0  , 0  , 0  , 0  , 0  , 0  , 0  , 766.689  , 0  , 112.543  , 3.638  , 0  , 4.046  , 3.294  , 3.29  , 3.291  , 0  , 0  , 0  , 20  , 0  , 20.8  , 0  , 0  , 0  , 90.26938  , 0  , 81.24073  , 0  , 0  , 0  , 0  , 0  , 0  , 0  , 0  , 362.19  , 0  , 53.125  , 0  , 0  , 0  , 0  , 0  , 0  , 0  , 0  , 0  , 0  , 0  , 0  , 0  , 0  , 0  , 0  , 0  , 0  , 0  , 0  , 0  , 0  , 0  , 0  , 0  ,2018/1/3 ,下午 05:15:21 
 3511 ,PASS ,  0  , 0  , 0  , 0  , 0  , 0  , 3.328  , 0  , 3.328  , 0  , 0  , 0  , 0  , 0  , 0  , 0  , 0  , 0  , 769.743  , 0  , 112.876  , 3.654  , 0  , 4.058  , 3.306  , 3.304  , 3.304  , 0  , 0  , 0  , 20.8  , 0  , 19.2  , 0  , 0  , 0  , 90.20251  , 0  , 81.1237  , 0  , 0  , 0  , 0  , 0  , 0  , 0  , 0  , 340.401  , 0  , 48.2  , 0  , 0  , 0  , 0  , 0  , 0  , 0  , 0  , 0  , 0  , 0  , 0  , 0  , 0  , 0  , 0  , 0  , 0  , 0  , 0  , 0  , 0  , 0  , 0  , 0  ,2018/1/3 ,下午 05:15:43 
 3512 ,PASS ,  0  , 0  , 0  , 0  , 0  , 0  , 3.35  , 0  , 3.35  , 0  , 0  , 0  , 0  , 0  , 0  , 0  , 0  , 0  , 775.35  , 0  , 113.384  , 3.678  , 0  , 4.077  , 3.333  , 3.33  , 3.33  , 0  , 0  , 0  , 20  , 0  , 20  , 0  , 0  , 0  , 90.67428  , 0  , 81.43242  , 0  , 0  , 0  , 0  , 0  , 0  , 0  , 0  , 377.979  , 0  , 54.166  , 0  , 0  , 0  , 0  , 0  , 0  , 0  , 0  , 0  , 0  , 0  , 0  , 0  , 0  , 0  , 0  , 0  , 0  , 0  , 0  , 0  , 0  , 0  , 0  , 0  ,2018/1/3 ,下午 05:16:06 
 3513 ,PASS ,  0  , 0  , 0  , 0  , 0  , 0  , 3.338  , 0  , 3.34  , 0  , 0  , 0  , 0  , 0  , 0  , 0  , 0  , 0  , 772.037  , 0  , 112.892  , 3.662  , 0  , 4.06  , 3.319  , 3.315  , 3.315  , 0  , 0  , 0  , 19.2  , 0  , 17.6  , 0  , 0  , 0  , 90.38776  , 0  , 81.42857  , 0  , 0  , 0  , 0  , 0  , 0  , 0  , 0  , 355.522  , 0  , 52.009  , 0  , 0  , 0  , 0  , 0  , 0  , 0  , 0  , 0  , 0  , 0  , 0  , 0  , 0  , 0  , 0  , 0  , 0  , 0  , 0  , 0  , 0  , 0  , 0  , 0  ,2018/1/3 ,下午 05:16:27 
 3514 ,PASS ,  0  , 0  , 0  , 0  , 0  , 0  , 3.319  , 0  , 3.318  , 0  , 0  , 0  , 0  , 0  , 0  , 0  , 0  , 0  , 767.719  , 0  , 112.466  , 3.642  , 0  , 4.044  , 3.298  , 3.293  , 3.291  , 0  , 0  , 0  , 18.4  , 0  , 20  , 0  , 0  , 0  , 90.44481  , 0  , 81.28091  , 0  , 0  , 0  , 0  , 0  , 0  , 0  , 0  , 371.796  , 0  , 55.796  , 0  , 0  , 0  , 0  , 0  , 0  , 0  , 0  , 0  , 0  , 0  , 0  , 0  , 0  , 0  , 0  , 0  , 0  , 0  , 0  , 0  , 0  , 0  , 0  , 0  ,2018/1/3 ,下午 05:16:47 
 3515 ,PASS ,  0  , 0  , 0  , 0  , 0  , 0  , 3.354  , 0  , 3.354  , 0  , 0  , 0  , 0  , 0  , 0  , 0  , 0  , 0  , 775.697  , 0  , 113.642  , 3.681  , 0  , 4.087  , 3.338  , 3.333  , 3.334  , 0  , 0  , 0  , 18.4  , 0  , 20.8  , 0  , 0  , 0  , 90.60038  , 0  , 81.57573  , 0  , 0  , 0  , 0  , 0  , 0  , 0  , 0  , 365.989  , 0  , 53.971  , 0  , 0  , 0  , 0  , 0  , 0  , 0  , 0  , 0  , 0  , 0  , 0  , 0  , 0  , 0  , 0  , 0  , 0  , 0  , 0  , 0  , 0  , 0  , 0  , 0  ,2018/1/3 ,下午 05:17:07 
 3516 ,PASS ,  0  , 0  , 0  , 0  , 0  , 0  , 3.331  , 0  , 3.331  , 0  , 0  , 0  , 0  , 0  , 0  , 0  , 0  , 0  , 770.584  , 0  , 112.635  , 3.656  , 0  , 4.05  , 3.31  , 3.309  , 3.308  , 0  , 0  , 0  , 19.2  , 0  , 20.8  , 0  , 0  , 0  , 90.37199  , 0  , 81.60493  , 0  , 0  , 0  , 0  , 0  , 0  , 0  , 0  , 389.465  , 0  , 55.733  , 0  , 0  , 0  , 0  , 0  , 0  , 0  , 0  , 0  , 0  , 0  , 0  , 0  , 0  , 0  , 0  , 0  , 0  , 0  , 0  , 0  , 0  , 0  , 0  , 0  ,2018/1/3 ,下午 05:17:28 
 3517 ,PASS ,  0  , 0  , 0  , 0  , 0  , 0  , 3.341  , 0  , 3.341  , 0  , 0  , 0  , 0  , 0  , 0  , 0  , 0  , 0  , 772.237  , 0  , 113.001  , 3.667  , 0  , 4.063  , 3.323  , 3.32  , 3.319  , 0  , 0  , 0  , 20.8  , 0  , 18.4  , 0  , 0  , 0  , 90.31906  , 0  , 81.63918  , 0  , 0  , 0  , 0  , 0  , 0  , 0  , 0  , 389.516  , 0  , 56.53  , 0  , 0  , 0  , 0  , 0  , 0  , 0  , 0  , 0  , 0  , 0  , 0  , 0  , 0  , 0  , 0  , 0  , 0  , 0  , 0  , 0  , 0  , 0  , 0  , 0  ,2018/1/3 ,下午 05:18:22 
 3518 ,PASS ,  0  , 0  , 0  , 0  , 0  , 0  , 3.293  , 0  , 3.293  , 0  , 0  , 0  , 0  , 0  , 0  , 0  , 0  , 0  , 762.728  , 0  , 111.703  , 3.621  , 0  , 4.017  , 3.275  , 3.273  , 3.27  , 0  , 0  , 0  , 19.2  , 0  , 16.8  , 0  , 0  , 0  , 90.27893  , 0  , 81.42892  , 0  , 0  , 0  , 0  , 0  , 0  , 0  , 0  , 342.541  , 0  , 48.622  , 0  , 0  , 0  , 0  , 0  , 0  , 0  , 0  , 0  , 0  , 0  , 0  , 0  , 0  , 0  , 0  , 0  , 0  , 0  , 0  , 0  , 0  , 0  , 0  , 0  ,2018/1/3 ,下午 05:18:47 
 3519 ,PASS ,  0  , 0  , 0  , 0  , 0  , 0  , 3.293  , 0  , 3.294  , 0  , 0  , 0  , 0  , 0  , 0  , 0  , 0  , 0  , 764.225  , 0  , 112.125  , 3.623  , 0  , 4.031  , 3.276  , 3.273  , 3.274  , 0  , 0  , 0  , 20.8  , 0  , 18.4  , 0  , 0  , 0  , 90.3395  , 0  , 81.14611  , 0  , 0  , 0  , 0  , 0  , 0  , 0  , 0  , 336.039  , 0  , 51.5  , 0  , 0  , 0  , 0  , 0  , 0  , 0  , 0  , 0  , 0  , 0  , 0  , 0  , 0  , 0  , 0  , 0  , 0  , 0  , 0  , 0  , 0  , 0  , 0  , 0  ,2018/1/3 ,下午 05:30:01 
 3520 ,PASS ,  0  , 0  , 0  , 0  , 0  , 0  , 3.324  , 0  , 3.324  , 0  , 0  , 0  , 0  , 0  , 0  , 0  , 0  , 0  , 769.343  , 0  , 112.628  , 3.649  , 0  , 4.049  , 3.305  , 3.303  , 3.303  , 0  , 0  , 0  , 17.6  , 0  , 17.6  , 0  , 0  , 0  , 90.38093  , 0  , 81.35342  , 0  , 0  , 0  , 0  , 0  , 0  , 0  , 0  , 342.533  , 0  , 47.231  , 0  , 0  , 0  , 0  , 0  , 0  , 0  , 0  , 0  , 0  , 0  , 0  , 0  , 0  , 0  , 0  , 0  , 0  , 0  , 0  , 0  , 0  , 0  , 0  , 0  ,2018/1/3 ,下午 05:30:35 
 3521 ,PASS ,  0  , 0  , 0  , 0  , 0  , 0  , 3.275  , 0  , 3.276  , 0  , 0  , 0  , 0  , 0  , 0  , 0  , 0  , 0  , 758.848  , 0  , 111.514  , 3.6  , 0  , 4.009  , 3.258  , 3.254  , 3.251  , 0  , 0  , 0  , 18.4  , 0  , 17.6  , 0  , 0  , 0  , 90.33334  , 0  , 81.04266  , 0  , 0  , 0  , 0  , 0  , 0  , 0  , 0  , 312.996  , 0  , 45.941  , 0  , 0  , 0  , 0  , 0  , 0  , 0  , 0  , 0  , 0  , 0  , 0  , 0  , 0  , 0  , 0  , 0  , 0  , 0  , 0  , 0  , 0  , 0  , 0  , 0  ,2018/1/3 ,下午 05:30:56 
 3522 ,PASS ,  0  , 0  , 0  , 0  , 0  , 0  , 3.295  , 0  , 3.296  , 0  , 0  , 0  , 0  , 0  , 0  , 0  , 0  , 0  , 764.298  , 0  , 111.848  , 3.626  , 0  , 4.023  , 3.279  , 3.275  , 3.275  , 0  , 0  , 0  , 19.2  , 0  , 19.2  , 0  , 0  , 0  , 90.37507  , 0  , 81.25777  , 0  , 0  , 0  , 0  , 0  , 0  , 0  , 0  , 354.659  , 0  , 49.982  , 0  , 0  , 0  , 0  , 0  , 0  , 0  , 0  , 0  , 0  , 0  , 0  , 0  , 0  , 0  , 0  , 0  , 0  , 0  , 0  , 0  , 0  , 0  , 0  , 0  ,2018/1/3 ,下午 05:31:17 
 3523 ,PASS ,  0  , 0  , 0  , 0  , 0  , 0  , 3.323  , 0  , 3.323  , 0  , 0  , 0  , 0  , 0  , 0  , 0  , 0  , 0  , 769.067  , 0  , 112.59  , 3.65  , 0  , 4.048  , 3.303  , 3.3  , 3.298  , 0  , 0  , 0  , 18.4  , 0  , 20  , 0  , 0  , 0  , 90.35616  , 0  , 81.1759  , 0  , 0  , 0  , 0  , 0  , 0  , 0  , 0  , 346.029  , 0  , 49.287  , 0  , 0  , 0  , 0  , 0  , 0  , 0  , 0  , 0  , 0  , 0  , 0  , 0  , 0  , 0  , 0  , 0  , 0  , 0  , 0  , 0  , 0  , 0  , 0  , 0  ,2018/1/3 ,下午 05:31:38 
 3524 ,PASS ,  0  , 0  , 0  , 0  , 0  , 0  , 3.319  , 0  , 3.319  , 0  , 0  , 0  , 0  , 0  , 0  , 0  , 0  , 0  , 767.246  , 0  , 112.223  , 3.641  , 0  , 4.035  , 3.295  , 3.29  , 3.291  , 0  , 0  , 0  , 20.8  , 0  , 20  , 0  , 0  , 0  , 90.24993  , 0  , 81.36308  , 0  , 0  , 0  , 0  , 0  , 0  , 0  , 0  , 352.054  , 0  , 48.997  , 0  , 0  , 0  , 0  , 0  , 0  , 0  , 0  , 0  , 0  , 0  , 0  , 0  , 0  , 0  , 0  , 0  , 0  , 0  , 0  , 0  , 0  , 0  , 0  , 0  ,2018/1/3 ,下午 05:32:01 
 3525 ,PASS ,  0  , 0  , 0  , 0  , 0  , 0  , 3.35  , 0  , 3.351  , 0  , 0  , 0  , 0  , 0  , 0  , 0  , 0  , 0  , 774.816  , 0  , 113.645  , 3.677  , 0  , 4.086  , 3.334  , 3.33  , 3.331  , 0  , 0  , 0  , 20  , 0  , 18.4  , 0  , 0  , 0  , 90.61735  , 0  , 81.22858  , 0  , 0  , 0  , 0  , 0  , 0  , 0  , 0  , 407.447  , 0  , 60.002  , 0  , 0  , 0  , 0  , 0  , 0  , 0  , 0  , 0  , 0  , 0  , 0  , 0  , 0  , 0  , 0  , 0  , 0  , 0  , 0  , 0  , 0  , 0  , 0  , 0  ,2018/1/3 ,下午 05:32:22 
 3526 ,PASS ,  0  , 0  , 0  , 0  , 0  , 0  , 3.338  , 0  , 3.338  , 0  , 0  , 0  , 0  , 0  , 0  , 0  , 0  , 0  , 772.287  , 0  , 112.944  , 3.663  , 0  , 4.061  , 3.319  , 3.313  , 3.313  , 0  , 0  , 0  , 16.8  , 0  , 21.6  , 0  , 0  , 0  , 90.52689  , 0  , 81.67939  , 0  , 0  , 0  , 0  , 0  , 0  , 0  , 0  , 409.686  , 0  , 58.951  , 0  , 0  , 0  , 0  , 0  , 0  , 0  , 0  , 0  , 0  , 0  , 0  , 0  , 0  , 0  , 0  , 0  , 0  , 0  , 0  , 0  , 0  , 0  , 0  , 0  ,2018/1/3 ,下午 05:32:42 
 3527 ,PASS ,  0  , 0  , 0  , 0  , 0  , 0  , 3.323  , 0  , 3.321  , 0  , 0  , 0  , 0  , 0  , 0  , 0  , 0  , 0  , 767.381  , 0  , 112.258  , 3.642  , 0  , 4.035  , 3.301  , 3.298  , 3.298  , 0  , 0  , 0  , 17.6  , 0  , 18.4  , 0  , 0  , 0  , 90.28007  , 0  , 81.71004  , 0  , 0  , 0  , 0  , 0  , 0  , 0  , 0  , 375.873  , 0  , 51.742  , 0  , 0  , 0  , 0  , 0  , 0  , 0  , 0  , 0  , 0  , 0  , 0  , 0  , 0  , 0  , 0  , 0  , 0  , 0  , 0  , 0  , 0  , 0  , 0  , 0  ,2018/1/3 ,下午 05:33:04 
 3528 ,PASS ,  0  , 0  , 0  , 0  , 0  , 0  , 3.344  , 0  , 3.344  , 0  , 0  , 0  , 0  , 0  , 0  , 0  , 0  , 0  , 770.99  , 0  , 112.94  , 3.661  , 0  , 4.061  , 3.32  , 3.318  , 3.316  , 0  , 0  , 0  , 17.6  , 0  , 17.6  , 0  , 0  , 0  , 90.71292  , 0  , 81.72864  , 0  , 0  , 0  , 0  , 0  , 0  , 0  , 0  , 352.756  , 0  , 50.044  , 0  , 0  , 0  , 0  , 0  , 0  , 0  , 0  , 0  , 0  , 0  , 0  , 0  , 0  , 0  , 0  , 0  , 0  , 0  , 0  , 0  , 0  , 0  , 0  , 0  ,2018/1/3 ,下午 05:33:24 
 3529 ,PASS ,  0  , 0  , 0  , 0  , 0  , 0  , 3.323  , 0  , 3.324  , 0  , 0  , 0  , 0  , 0  , 0  , 0  , 0  , 0  , 769.402  , 0  , 112.619  , 3.65  , 0  , 4.05  , 3.305  , 3.301  , 3.301  , 0  , 0  , 0  , 20  , 0  , 18.4  , 0  , 0  , 0  , 90.30137  , 0  , 81.38271  , 0  , 0  , 0  , 0  , 0  , 0  , 0  , 0  , 330.607  , 0  , 46.786  , 0  , 0  , 0  , 0  , 0  , 0  , 0  , 0  , 0  , 0  , 0  , 0  , 0  , 0  , 0  , 0  , 0  , 0  , 0  , 0  , 0  , 0  , 0  , 0  , 0  ,2018/1/3 ,下午 05:33:45 
 3530 ,PASS ,  0  , 0  , 0  , 0  , 0  , 0  , 3.289  , 0  , 3.289  , 0  , 0  , 0  , 0  , 0  , 0  , 0  , 0  , 0  , 761.479  , 0  , 111.629  , 3.613  , 0  , 4.014  , 3.269  , 3.265  , 3.265  , 0  , 0  , 0  , 20  , 0  , 16.8  , 0  , 0  , 0  , 90.11902  , 0  , 81.39014  , 0  , 0  , 0  , 0  , 0  , 0  , 0  , 0  , 354.923  , 0  , 52.309  , 0  , 0  , 0  , 0  , 0  , 0  , 0  , 0  , 0  , 0  , 0  , 0  , 0  , 0  , 0  , 0  , 0  , 0  , 0  , 0  , 0  , 0  , 0  , 0  , 0  ,2018/1/3 ,下午 05:34:08 
 3531 ,PASS ,  0  , 0  , 0  , 0  , 0  , 0  , 3.335  , 0  , 3.334  , 0  , 0  , 0  , 0  , 0  , 0  , 0  , 0  , 0  , 770.567  , 0  , 112.736  , 3.654  , 0  , 4.053  , 3.311  , 3.306  , 3.306  , 0  , 0  , 0  , 19.2  , 0  , 18.4  , 0  , 0  , 0  , 90.42146  , 0  , 81.49519  , 0  , 0  , 0  , 0  , 0  , 0  , 0  , 0  , 328.259  , 0  , 48.593  , 0  , 0  , 0  , 0  , 0  , 0  , 0  , 0  , 0  , 0  , 0  , 0  , 0  , 0  , 0  , 0  , 0  , 0  , 0  , 0  , 0  , 0  , 0  , 0  , 0  ,2018/1/3 ,下午 05:34:29 
 3532 ,PASS ,  0  , 0  , 0  , 0  , 0  , 0  , 3.361  , 0  , 3.361  , 0  , 0  , 0  , 0  , 0  , 0  , 0  , 0  , 0  , 776.19  , 0  , 114.03  , 3.682  , 0  , 4.1  , 3.343  , 3.339  , 3.339  , 0  , 0  , 0  , 21.6  , 0  , 19.2  , 0  , 0  , 0  , 90.68441  , 0  , 81.34147  , 0  , 0  , 0  , 0  , 0  , 0  , 0  , 0  , 352.643  , 0  , 51.222  , 0  , 0  , 0  , 0  , 0  , 0  , 0  , 0  , 0  , 0  , 0  , 0  , 0  , 0  , 0  , 0  , 0  , 0  , 0  , 0  , 0  , 0  , 0  , 0  , 0  ,2018/1/3 ,下午 05:34:50 
 3533 ,PASS ,  0  , 0  , 0  , 0  , 0  , 0  , 3.358  , 0  , 3.359  , 0  , 0  , 0  , 0  , 0  , 0  , 0  , 0  , 0  , 775.48  , 0  , 113.751  , 3.681  , 0  , 4.09  , 3.34  , 3.335  , 3.336  , 0  , 0  , 0  , 20  , 0  , 20  , 0  , 0  , 0  , 90.60038  , 0  , 81.39364  , 0  , 0  , 0  , 0  , 0  , 0  , 0  , 0  , 310.621  , 0  , 44.447  , 0  , 0  , 0  , 0  , 0  , 0  , 0  , 0  , 0  , 0  , 0  , 0  , 0  , 0  , 0  , 0  , 0  , 0  , 0  , 0  , 0  , 0  , 0  , 0  , 0  ,2018/1/3 ,下午 05:35:11 
 3534 ,PASS ,  0  , 0  , 0  , 0  , 0  , 0  , 3.316  , 0  , 3.316  , 0  , 0  , 0  , 0  , 0  , 0  , 0  , 0  , 0  , 767.473  , 0  , 112.433  , 3.644  , 0  , 4.044  , 3.293  , 3.286  , 3.288  , 0  , 0  , 0  , 18.4  , 0  , 17.6  , 0  , 0  , 0  , 90.12074  , 0  , 81.03362  , 0  , 0  , 0  , 0  , 0  , 0  , 0  , 0  , 346.977  , 0  , 50.141  , 0  , 0  , 0  , 0  , 0  , 0  , 0  , 0  , 0  , 0  , 0  , 0  , 0  , 0  , 0  , 0  , 0  , 0  , 0  , 0  , 0  , 0  , 0  , 0  , 0  ,2018/1/3 ,下午 05:35:32 
 3535 ,PASS ,  0  , 0  , 0  , 0  , 0  , 0  , 3.325  , 0  , 3.326  , 0  , 0  , 0  , 0  , 0  , 0  , 0  , 0  , 0  , 768.854  , 0  , 112.676  , 3.648  , 0  , 4.052  , 3.305  , 3.303  , 3.303  , 0  , 0  , 0  , 19.2  , 0  , 19.2  , 0  , 0  , 0  , 90.51535  , 0  , 81.31787  , 0  , 0  , 0  , 0  , 0  , 0  , 0  , 0  , 381.21  , 0  , 53.326  , 0  , 0  , 0  , 0  , 0  , 0  , 0  , 0  , 0  , 0  , 0  , 0  , 0  , 0  , 0  , 0  , 0  , 0  , 0  , 0  , 0  , 0  , 0  , 0  , 0  ,2018/1/3 ,下午 05:35:52 
 3536 ,PASS ,  0  , 0  , 0  , 0  , 0  , 0  , 3.315  , 0  , 3.315  , 0  , 0  , 0  , 0  , 0  , 0  , 0  , 0  , 0  , 766.644  , 0  , 112.096  , 3.639  , 0  , 4.031  , 3.296  , 3.291  , 3.293  , 0  , 0  , 0  , 19.2  , 0  , 18.4  , 0  , 0  , 0  , 90.4919  , 0  , 81.36938  , 0  , 0  , 0  , 0  , 0  , 0  , 0  , 0  , 328.648  , 0  , 47.313  , 0  , 0  , 0  , 0  , 0  , 0  , 0  , 0  , 0  , 0  , 0  , 0  , 0  , 0  , 0  , 0  , 0  , 0  , 0  , 0  , 0  , 0  , 0  , 0  , 0  ,2018/1/3 ,下午 05:36:15 
 3537 ,PASS ,  0  , 0  , 0  , 0  , 0  , 0  , 3.354  , 0  , 3.355  , 0  , 0  , 0  , 0  , 0  , 0  , 0  , 0  , 0  , 774.87  , 0  , 113.542  , 3.678  , 0  , 4.082  , 3.336  , 3.333  , 3.333  , 0  , 0  , 0  , 18.4  , 0  , 17.6  , 0  , 0  , 0  , 90.32083  , 0  , 81.60217  , 0  , 0  , 0  , 0  , 0  , 0  , 0  , 0  , 361.681  , 0  , 55.519  , 0  , 0  , 0  , 0  , 0  , 0  , 0  , 0  , 0  , 0  , 0  , 0  , 0  , 0  , 0  , 0  , 0  , 0  , 0  , 0  , 0  , 0  , 0  , 0  , 0  ,2018/1/3 ,下午 05:36:36 
 3538 ,PASS ,  0  , 0  , 0  , 0  , 0  , 0  , 3.331  , 0  , 3.334  , 0  , 0  , 0  , 0  , 0  , 0  , 0  , 0  , 0  , 771.05  , 0  , 113.281  , 3.66  , 0  , 4.073  , 3.316  , 3.313  , 3.31  , 0  , 0  , 0  , 19.2  , 0  , 19.2  , 0  , 0  , 0  , 90.76502  , 0  , 81.24233  , 0  , 0  , 0  , 0  , 0  , 0  , 0  , 0  , 322.062  , 0  , 46.799  , 0  , 0  , 0  , 0  , 0  , 0  , 0  , 0  , 0  , 0  , 0  , 0  , 0  , 0  , 0  , 0  , 0  , 0  , 0  , 0  , 0  , 0  , 0  , 0  , 0  ,2018/1/3 ,下午 05:36:58 
 3539 ,PASS ,  0  , 0  , 0  , 0  , 0  , 0  , 3.359  , 0  , 3.359  , 0  , 0  , 0  , 0  , 0  , 0  , 0  , 0  , 0  , 775.766  , 0  , 113.656  , 3.681  , 0  , 4.085  , 3.338  , 3.335  , 3.335  , 0  , 0  , 0  , 19.2  , 0  , 18.4  , 0  , 0  , 0  , 90.57322  , 0  , 81.39535  , 0  , 0  , 0  , 0  , 0  , 0  , 0  , 0  , 319.201  , 0  , 44.524  , 0  , 0  , 0  , 0  , 0  , 0  , 0  , 0  , 0  , 0  , 0  , 0  , 0  , 0  , 0  , 0  , 0  , 0  , 0  , 0  , 0  , 0  , 0  , 0  , 0  ,2018/1/3 ,下午 05:37:18 
 3540 ,PASS ,  0  , 0  , 0  , 0  , 0  , 0  , 3.298  , 0  , 3.298  , 0  , 0  , 0  , 0  , 0  , 0  , 0  , 0  , 0  , 764.039  , 0  , 111.846  , 3.624  , 0  , 4.022  , 3.278  , 3.274  , 3.274  , 0  , 0  , 0  , 18.4  , 0  , 19.2  , 0  , 0  , 0  , 90.12141  , 0  , 81.20338  , 0  , 0  , 0  , 0  , 0  , 0  , 0  , 0  , 363.954  , 0  , 54.59  , 0  , 0  , 0  , 0  , 0  , 0  , 0  , 0  , 0  , 0  , 0  , 0  , 0  , 0  , 0  , 0  , 0  , 0  , 0  , 0  , 0  , 0  , 0  , 0  , 0  ,2018/1/3 ,下午 05:37:39 
 3541 ,PASS ,  0  , 0  , 0  , 0  , 0  , 0  , 3.31  , 0  , 3.311  , 0  , 0  , 0  , 0  , 0  , 0  , 0  , 0  , 0  , 766.49  , 0  , 112.385  , 3.639  , 0  , 4.04  , 3.295  , 3.291  , 3.289  , 0  , 0  , 0  , 17.6  , 0  , 17.6  , 0  , 0  , 0  , 90.40945  , 0  , 81.21287  , 0  , 0  , 0  , 0  , 0  , 0  , 0  , 0  , 412.322  , 0  , 59.835  , 0  , 0  , 0  , 0  , 0  , 0  , 0  , 0  , 0  , 0  , 0  , 0  , 0  , 0  , 0  , 0  , 0  , 0  , 0  , 0  , 0  , 0  , 0  , 0  , 0  ,2018/1/3 ,下午 05:38:00 
 3542 ,PASS ,  0  , 0  , 0  , 0  , 0  , 0  , 3.359  , 0  , 3.359  , 0  , 0  , 0  , 0  , 0  , 0  , 0  , 0  , 0  , 775.957  , 0  , 113.859  , 3.683  , 0  , 4.094  , 3.343  , 3.339  , 3.338  , 0  , 0  , 0  , 18.4  , 0  , 16.8  , 0  , 0  , 0  , 90.8227  , 0  , 81.26527  , 0  , 0  , 0  , 0  , 0  , 0  , 0  , 0  , 329.309  , 0  , 46.667  , 0  , 0  , 0  , 0  , 0  , 0  , 0  , 0  , 0  , 0  , 0  , 0  , 0  , 0  , 0  , 0  , 0  , 0  , 0  , 0  , 0  , 0  , 0  , 0  , 0  ,2018/1/3 ,下午 05:38:21 
 3543 ,PASS ,  0  , 0  , 0  , 0  , 0  , 0  , 3.301  , 0  , 3.303  , 0  , 0  , 0  , 0  , 0  , 0  , 0  , 0  , 0  , 765.545  , 0  , 112.154  , 3.632  , 0  , 4.033  , 3.284  , 3.281  , 3.281  , 0  , 0  , 0  , 18.4  , 0  , 20.8  , 0  , 0  , 0  , 89.97797  , 0  , 81.22985  , 0  , 0  , 0  , 0  , 0  , 0  , 0  , 0  , 364.454  , 0  , 53.879  , 0  , 0  , 0  , 0  , 0  , 0  , 0  , 0  , 0  , 0  , 0  , 0  , 0  , 0  , 0  , 0  , 0  , 0  , 0  , 0  , 0  , 0  , 0  , 0  , 0  ,2018/1/3 ,下午 05:38:43 
 3544 ,PASS ,  0  , 0  , 0  , 0  , 0  , 0  , 3.326  , 0  , 3.326  , 0  , 0  , 0  , 0  , 0  , 0  , 0  , 0  , 0  , 769.861  , 0  , 112.618  , 3.652  , 0  , 4.049  , 3.309  , 3.305  , 3.305  , 0  , 0  , 0  , 19.2  , 0  , 17.6  , 0  , 0  , 0  , 90.49836  , 0  , 81.27933  , 0  , 0  , 0  , 0  , 0  , 0  , 0  , 0  , 346.22  , 0  , 50.056  , 0  , 0  , 0  , 0  , 0  , 0  , 0  , 0  , 0  , 0  , 0  , 0  , 0  , 0  , 0  , 0  , 0  , 0  , 0  , 0  , 0  , 0  , 0  , 0  , 0  ,2018/1/3 ,下午 05:39:04 
 3545 ,PASS ,  0  , 0  , 0  , 0  , 0  , 0  , 3.353  , 0  , 3.353  , 0  , 0  , 0  , 0  , 0  , 0  , 0  , 0  , 0  , 775.409  , 0  , 113.575  , 3.679  , 0  , 4.084  , 3.336  , 3.331  , 3.333  , 0  , 0  , 0  , 18.4  , 0  , 18.4  , 0  , 0  , 0  , 90.51373  , 0  , 81.39079  , 0  , 0  , 0  , 0  , 0  , 0  , 0  , 0  , 357.337  , 0  , 54.692  , 0  , 0  , 0  , 0  , 0  , 0  , 0  , 0  , 0  , 0  , 0  , 0  , 0  , 0  , 0  , 0  , 0  , 0  , 0  , 0  , 0  , 0  , 0  , 0  , 0  ,2018/1/3 ,下午 05:39:24 
 3546 ,PASS ,  0  , 0  , 0  , 0  , 0  , 0  , 3.348  , 0  , 3.346  , 0  , 0  , 0  , 0  , 0  , 0  , 0  , 0  , 0  , 773.746  , 0  , 113.324  , 3.671  , 0  , 4.075  , 3.326  , 3.323  , 3.324  , 0  , 0  , 0  , 18.4  , 0  , 20  , 0  , 0  , 0  , 90.57478  , 0  , 81.76688  , 0  , 0  , 0  , 0  , 0  , 0  , 0  , 0  , 327.996  , 0  , 46.235  , 0  , 0  , 0  , 0  , 0  , 0  , 0  , 0  , 0  , 0  , 0  , 0  , 0  , 0  , 0  , 0  , 0  , 0  , 0  , 0  , 0  , 0  , 0  , 0  , 0  ,2018/1/3 ,下午 05:39:46 
 3547 ,PASS ,  0  , 0  , 0  , 0  , 0  , 0  , 3.338  , 0  , 3.339  , 0  , 0  , 0  , 0  , 0  , 0  , 0  , 0  , 0  , 772.095  , 0  , 112.989  , 3.662  , 0  , 4.063  , 3.32  , 3.315  , 3.316  , 0  , 0  , 0  , 18.4  , 0  , 18.4  , 0  , 0  , 0  , 90.60623  , 0  , 81.41767  , 0  , 0  , 0  , 0  , 0  , 0  , 0  , 0  , 299.793  , 0  , 42.799  , 0  , 0  , 0  , 0  , 0  , 0  , 0  , 0  , 0  , 0  , 0  , 0  , 0  , 0  , 0  , 0  , 0  , 0  , 0  , 0  , 0  , 0  , 0  , 0  , 0  ,2018/1/3 ,下午 05:40:06 
 3548 ,PASS ,  0  , 0  , 0  , 0  , 0  , 0  , 3.34  , 0  , 3.341  , 0  , 0  , 0  , 0  , 0  , 0  , 0  , 0  , 0  , 773.039  , 0  , 113.474  , 3.669  , 0  , 4.079  , 3.325  , 3.321  , 3.321  , 0  , 0  , 0  , 19.2  , 0  , 20  , 0  , 0  , 0  , 90.73317  , 0  , 81.26992  , 0  , 0  , 0  , 0  , 0  , 0  , 0  , 0  , 368.108  , 0  , 55.972  , 0  , 0  , 0  , 0  , 0  , 0  , 0  , 0  , 0  , 0  , 0  , 0  , 0  , 0  , 0  , 0  , 0  , 0  , 0  , 0  , 0  , 0  , 0  , 0  , 0  ,2018/1/3 ,下午 05:40:27 
 3549 ,PASS ,  0  , 0  , 0  , 0  , 0  , 0  , 3.339  , 0  , 3.34  , 0  , 0  , 0  , 0  , 0  , 0  , 0  , 0  , 0  , 772.702  , 0  , 113.018  , 3.665  , 0  , 4.064  , 3.323  , 3.321  , 3.32  , 0  , 0  , 0  , 17.6  , 0  , 22.4  , 0  , 0  , 0  , 90.47749  , 0  , 81.56988  , 0  , 0  , 0  , 0  , 0  , 0  , 0  , 0  , 350.203  , 0  , 51.068  , 0  , 0  , 0  , 0  , 0  , 0  , 0  , 0  , 0  , 0  , 0  , 0  , 0  , 0  , 0  , 0  , 0  , 0  , 0  , 0  , 0  , 0  , 0  , 0  , 0  ,2018/1/3 ,下午 05:40:49 
 3550 ,PASS ,  0  , 0  , 0  , 0  , 0  , 0  , 3.343  , 0  , 3.343  , 0  , 0  , 0  , 0  , 0  , 0  , 0  , 0  , 0  , 773.686  , 0  , 113.272  , 3.67  , 0  , 4.072  , 3.324  , 3.318  , 3.318  , 0  , 0  , 0  , 20  , 0  , 17.6  , 0  , 0  , 0  , 90.29972  , 0  , 81.50786  , 0  , 0  , 0  , 0  , 0  , 0  , 0  , 0  , 398.267  , 0  , 55.671  , 0  , 0  , 0  , 0  , 0  , 0  , 0  , 0  , 0  , 0  , 0  , 0  , 0  , 0  , 0  , 0  , 0  , 0  , 0  , 0  , 0  , 0  , 0  , 0  , 0  ,2018/1/3 ,下午 05:41:09 
 3551 ,PASS ,  0  , 0  , 0  , 0  , 0  , 0  , 3.316  , 0  , 3.316  , 0  , 0  , 0  , 0  , 0  , 0  , 0  , 0  , 0  , 766.771  , 0  , 112.131  , 3.639  , 0  , 4.032  , 3.296  , 3.291  , 3.293  , 0  , 0  , 0  , 19.2  , 0  , 20  , 0  , 0  , 0  , 90.46442  , 0  , 81.67162  , 0  , 0  , 0  , 0  , 0  , 0  , 0  , 0  , 327.166  , 0  , 46.696  , 0  , 0  , 0  , 0  , 0  , 0  , 0  , 0  , 0  , 0  , 0  , 0  , 0  , 0  , 0  , 0  , 0  , 0  , 0  , 0  , 0  , 0  , 0  , 0  , 0  ,2018/1/3 ,下午 05:41:31 
 3552 ,PASS ,  0  , 0  , 0  , 0  , 0  , 0  , 3.354  , 0  , 3.355  , 0  , 0  , 0  , 0  , 0  , 0  , 0  , 0  , 0  , 775.384  , 0  , 113.401  , 3.678  , 0  , 4.078  , 3.335  , 3.333  , 3.333  , 0  , 0  , 0  , 18.4  , 0  , 17.6  , 0  , 0  , 0  , 90.51115  , 0  , 81.58411  , 0  , 0  , 0  , 0  , 0  , 0  , 0  , 0  , 340.448  , 0  , 51.11  , 0  , 0  , 0  , 0  , 0  , 0  , 0  , 0  , 0  , 0  , 0  , 0  , 0  , 0  , 0  , 0  , 0  , 0  , 0  , 0  , 0  , 0  , 0  , 0  , 0  ,2018/1/3 ,下午 05:41:52 
 3553 ,PASS ,  0  , 0  , 0  , 0  , 0  , 0  , 3.335  , 0  , 3.334  , 0  , 0  , 0  , 0  , 0  , 0  , 0  , 0  , 0  , 770.376  , 0  , 112.454  , 3.657  , 0  , 4.043  , 3.315  , 3.309  , 3.309  , 0  , 0  , 0  , 20  , 0  , 19.2  , 0  , 0  , 0  , 90.42931  , 0  , 81.77096  , 0  , 0  , 0  , 0  , 0  , 0  , 0  , 0  , 391.121  , 0  , 56.66  , 0  , 0  , 0  , 0  , 0  , 0  , 0  , 0  , 0  , 0  , 0  , 0  , 0  , 0  , 0  , 0  , 0  , 0  , 0  , 0  , 0  , 0  , 0  , 0  , 0  ,2018/1/3 ,下午 05:42:13 
 3554 ,PASS ,  0  , 0  , 0  , 0  , 0  , 0  , 3.316  , 0  , 3.318  , 0  , 0  , 0  , 0  , 0  , 0  , 0  , 0  , 0  , 767.812  , 0  , 112.435  , 3.643  , 0  , 4.043  , 3.299  , 3.296  , 3.294  , 0  , 0  , 0  , 17.6  , 0  , 18.4  , 0  , 0  , 0  , 90.33763  , 0  , 81.37521  , 0  , 0  , 0  , 0  , 0  , 0  , 0  , 0  , 338.505  , 0  , 52.052  , 0  , 0  , 0  , 0  , 0  , 0  , 0  , 0  , 0  , 0  , 0  , 0  , 0  , 0  , 0  , 0  , 0  , 0  , 0  , 0  , 0  , 0  , 0  , 0  , 0  ,2018/1/3 ,下午 05:42:33 
 3555 ,PASS ,  0  , 0  , 0  , 0  , 0  , 0  , 3.339  , 0  , 3.338  , 0  , 0  , 0  , 0  , 0  , 0  , 0  , 0  , 0  , 772.101  , 0  , 112.939  , 3.663  , 0  , 4.062  , 3.319  , 3.311  , 3.311  , 0  , 0  , 0  , 18.4  , 0  , 17.6  , 0  , 0  , 0  , 90.41769  , 0  , 81.53619  , 0  , 0  , 0  , 0  , 0  , 0  , 0  , 0  , 365.8  , 0  , 53.622  , 0  , 0  , 0  , 0  , 0  , 0  , 0  , 0  , 0  , 0  , 0  , 0  , 0  , 0  , 0  , 0  , 0  , 0  , 0  , 0  , 0  , 0  , 0  , 0  , 0  ,2018/1/3 ,下午 05:42:54 
 3556 ,PASS ,  0  , 0  , 0  , 0  , 0  , 0  , 3.328  , 0  , 3.329  , 0  , 0  , 0  , 0  , 0  , 0  , 0  , 0  , 0  , 770.929  , 0  , 113.064  , 3.657  , 0  , 4.064  , 3.313  , 3.308  , 3.308  , 0  , 0  , 0  , 19.2  , 0  , 18.4  , 0  , 0  , 0  , 90.5387  , 0  , 81.34842  , 0  , 0  , 0  , 0  , 0  , 0  , 0  , 0  , 374.093  , 0  , 55.463  , 0  , 0  , 0  , 0  , 0  , 0  , 0  , 0  , 0  , 0  , 0  , 0  , 0  , 0  , 0  , 0  , 0  , 0  , 0  , 0  , 0  , 0  , 0  , 0  , 0  ,2018/1/3 ,下午 05:43:15 
 3557 ,PASS ,  0  , 0  , 0  , 0  , 0  , 0  , 3.308  , 0  , 3.309  , 0  , 0  , 0  , 0  , 0  , 0  , 0  , 0  , 0  , 766.957  , 0  , 112.538  , 3.638  , 0  , 4.045  , 3.289  , 3.284  , 3.281  , 0  , 0  , 0  , 19.2  , 0  , 19.2  , 0  , 0  , 0  , 90.13194  , 0  , 81.0136  , 0  , 0  , 0  , 0  , 0  , 0  , 0  , 0  , 315.371  , 0  , 47.19  , 0  , 0  , 0  , 0  , 0  , 0  , 0  , 0  , 0  , 0  , 0  , 0  , 0  , 0  , 0  , 0  , 0  , 0  , 0  , 0  , 0  , 0  , 0  , 0  , 0  ,2018/1/3 ,下午 05:43:35 
 3558 ,PASS ,  0  , 0  , 0  , 0  , 0  , 0  , 3.355  , 0  , 3.356  , 0  , 0  , 0  , 0  , 0  , 0  , 0  , 0  , 0  , 774.607  , 0  , 113.693  , 3.676  , 0  , 4.088  , 3.333  , 3.331  , 3.329  , 0  , 0  , 0  , 20  , 0  , 19.2  , 0  , 0  , 0  , 90.50598  , 0  , 81.2867  , 0  , 0  , 0  , 0  , 0  , 0  , 0  , 0  , 350.807  , 0  , 52.248  , 0  , 0  , 0  , 0  , 0  , 0  , 0  , 0  , 0  , 0  , 0  , 0  , 0  , 0  , 0  , 0  , 0  , 0  , 0  , 0  , 0  , 0  , 0  , 0  , 0  ,2018/1/3 ,下午 05:43:56 
 3559 ,PASS ,  0  , 0  , 0  , 0  , 0  , 0  , 3.34  , 0  , 3.341  , 0  , 0  , 0  , 0  , 0  , 0  , 0  , 0  , 0  , 773.083  , 0  , 113.358  , 3.666  , 0  , 4.075  , 3.324  , 3.319  , 3.32  , 0  , 0  , 0  , 19.2  , 0  , 19.2  , 0  , 0  , 0  , 90.3437  , 0  , 81.39877  , 0  , 0  , 0  , 0  , 0  , 0  , 0  , 0  , 323.27  , 0  , 47.715  , 0  , 0  , 0  , 0  , 0  , 0  , 0  , 0  , 0  , 0  , 0  , 0  , 0  , 0  , 0  , 0  , 0  , 0  , 0  , 0  , 0  , 0  , 0  , 0  , 0  ,2018/1/3 ,下午 05:44:16 
 3560 ,PASS ,  0  , 0  , 0  , 0  , 0  , 0  , 3.339  , 0  , 3.339  , 0  , 0  , 0  , 0  , 0  , 0  , 0  , 0  , 0  , 771.758  , 0  , 112.849  , 3.664  , 0  , 4.057  , 3.319  , 3.318  , 3.316  , 0  , 0  , 0  , 20  , 0  , 18.4  , 0  , 0  , 0  , 90.22926  , 0  , 81.68597  , 0  , 0  , 0  , 0  , 0  , 0  , 0  , 0  , 359.017  , 0  , 52.615  , 0  , 0  , 0  , 0  , 0  , 0  , 0  , 0  , 0  , 0  , 0  , 0  , 0  , 0  , 0  , 0  , 0  , 0  , 0  , 0  , 0  , 0  , 0  , 0  , 0  ,2018/1/3 ,下午 05:44:37 
 3561 ,PASS ,  0  , 0  , 0  , 0  , 0  , 0  , 3.358  , 0  , 3.36  , 0  , 0  , 0  , 0  , 0  , 0  , 0  , 0  , 0  , 776.53  , 0  , 113.689  , 3.683  , 0  , 4.087  , 3.341  , 3.339  , 3.338  , 0  , 0  , 0  , 18.4  , 0  , 19.2  , 0  , 0  , 0  , 90.60548  , 0  , 81.35552  , 0  , 0  , 0  , 0  , 0  , 0  , 0  , 0  , 310.232  , 0  , 43.71  , 0  , 0  , 0  , 0  , 0  , 0  , 0  , 0  , 0  , 0  , 0  , 0  , 0  , 0  , 0  , 0  , 0  , 0  , 0  , 0  , 0  , 0  , 0  , 0  , 0  ,2018/1/3 ,下午 05:44:58 
 3562 ,PASS ,  0  , 0  , 0  , 0  , 0  , 0  , 3.325  , 0  , 3.326  , 0  , 0  , 0  , 0  , 0  , 0  , 0  , 0  , 0  , 769.764  , 0  , 112.627  , 3.655  , 0  , 4.049  , 3.306  , 3.303  , 3.304  , 0  , 0  , 0  , 20  , 0  , 18.4  , 0  , 0  , 0  , 90.23256  , 0  , 81.35342  , 0  , 0  , 0  , 0  , 0  , 0  , 0  , 0  , 305.143  , 0  , 43.467  , 0  , 0  , 0  , 0  , 0  , 0  , 0  , 0  , 0  , 0  , 0  , 0  , 0  , 0  , 0  , 0  , 0  , 0  , 0  , 0  , 0  , 0  , 0  , 0  , 0  ,2018/1/3 ,下午 05:45:19 
 3563 ,PASS ,  0  , 0  , 0  , 0  , 0  , 0  , 3.313  , 0  , 3.313  , 0  , 0  , 0  , 0  , 0  , 0  , 0  , 0  , 0  , 768.042  , 0  , 112.651  , 3.644  , 0  , 4.051  , 3.296  , 3.294  , 3.293  , 0  , 0  , 0  , 16.8  , 0  , 18.4  , 0  , 0  , 0  , 90.23051  , 0  , 81.36263  , 0  , 0  , 0  , 0  , 0  , 0  , 0  , 0  , 388.788  , 0  , 56.942  , 0  , 0  , 0  , 0  , 0  , 0  , 0  , 0  , 0  , 0  , 0  , 0  , 0  , 0  , 0  , 0  , 0  , 0  , 0  , 0  , 0  , 0  , 0  , 0  , 0  ,2018/1/3 ,下午 05:45:41 
 3564 ,PASS ,  0  , 0  , 0  , 0  , 0  , 0  , 3.323  , 0  , 3.324  , 0  , 0  , 0  , 0  , 0  , 0  , 0  , 0  , 0  , 769.615  , 0  , 112.897  , 3.651  , 0  , 4.06  , 3.305  , 3.301  , 3.301  , 0  , 0  , 0  , 18.4  , 0  , 19.2  , 0  , 0  , 0  , 90.22186  , 0  , 81.28078  , 0  , 0  , 0  , 0  , 0  , 0  , 0  , 0  , 337.856  , 0  , 51.648  , 0  , 0  , 0  , 0  , 0  , 0  , 0  , 0  , 0  , 0  , 0  , 0  , 0  , 0  , 0  , 0  , 0  , 0  , 0  , 0  , 0  , 0  , 0  , 0  , 0  ,2018/1/3 ,下午 05:46:03 
 3565 ,PASS ,  0  , 0  , 0  , 0  , 0  , 0  , 3.318  , 0  , 3.319  , 0  , 0  , 0  , 0  , 0  , 0  , 0  , 0  , 0  , 767.742  , 0  , 112.448  , 3.646  , 0  , 4.043  , 3.3  , 3.296  , 3.296  , 0  , 0  , 0  , 19.2  , 0  , 17.6  , 0  , 0  , 0  , 90.40044  , 0  , 81.1526  , 0  , 0  , 0  , 0  , 0  , 0  , 0  , 0  , 350.153  , 0  , 48.243  , 0  , 0  , 0  , 0  , 0  , 0  , 0  , 0  , 0  , 0  , 0  , 0  , 0  , 0  , 0  , 0  , 0  , 0  , 0  , 0  , 0  , 0  , 0  , 0  , 0  ,2018/1/3 ,下午 05:46:25 
 3566 ,PASS ,  0  , 0  , 0  , 0  , 0  , 0  , 3.318  , 0  , 3.318  , 0  , 0  , 0  , 0  , 0  , 0  , 0  , 0  , 0  , 767.786  , 0  , 112.24  , 3.641  , 0  , 4.035  , 3.295  , 3.293  , 3.291  , 0  , 0  , 0  , 19.2  , 0  , 20  , 0  , 0  , 0  , 90.03021  , 0  , 81.61091  , 0  , 0  , 0  , 0  , 0  , 0  , 0  , 0  , 330.714  , 0  , 46.322  , 0  , 0  , 0  , 0  , 0  , 0  , 0  , 0  , 0  , 0  , 0  , 0  , 0  , 0  , 0  , 0  , 0  , 0  , 0  , 0  , 0  , 0  , 0  , 0  , 0  ,2018/1/3 ,下午 05:46:45 
 3567 ,PASS ,  0  , 0  , 0  , 0  , 0  , 0  , 3.346  , 0  , 3.345  , 0  , 0  , 0  , 0  , 0  , 0  , 0  , 0  , 0  , 774.079  , 0  , 113.611  , 3.673  , 0  , 4.084  , 3.329  , 3.325  , 3.325  , 0  , 0  , 0  , 18.4  , 0  , 20  , 0  , 0  , 0  , 90.41656  , 0  , 81.34182  , 0  , 0  , 0  , 0  , 0  , 0  , 0  , 0  , 335.148  , 0  , 48.003  , 0  , 0  , 0  , 0  , 0  , 0  , 0  , 0  , 0  , 0  , 0  , 0  , 0  , 0  , 0  , 0  , 0  , 0  , 0  , 0  , 0  , 0  , 0  , 0  , 0  ,2018/1/3 ,下午 05:47:06 
 3568 ,PASS ,  0  , 0  , 0  , 0  , 0  , 0  , 3.294  , 0  , 3.293  , 0  , 0  , 0  , 0  , 0  , 0  , 0  , 0  , 0  , 763.242  , 0  , 112.134  , 3.622  , 0  , 4.031  , 3.275  , 3.273  , 3.27  , 0  , 0  , 0  , 20  , 0  , 20  , 0  , 0  , 0  , 90.19878  , 0  , 80.89803  , 0  , 0  , 0  , 0  , 0  , 0  , 0  , 0  , 323.4  , 0  , 48.346  , 0  , 0  , 0  , 0  , 0  , 0  , 0  , 0  , 0  , 0  , 0  , 0  , 0  , 0  , 0  , 0  , 0  , 0  , 0  , 0  , 0  , 0  , 0  , 0  , 0  ,2018/1/3 ,下午 05:47:28 
 3569 ,PASS ,  0  , 0  , 0  , 0  , 0  , 0  , 3.345  , 0  , 3.344  , 0  , 0  , 0  , 0  , 0  , 0  , 0  , 0  , 0  , 772.813  , 0  , 113.066  , 3.666  , 0  , 4.066  , 3.323  , 3.32  , 3.319  , 0  , 0  , 0  , 19.2  , 0  , 18.4  , 0  , 0  , 0  , 90.53465  , 0  , 81.50517  , 0  , 0  , 0  , 0  , 0  , 0  , 0  , 0  , 313.102  , 0  , 44.842  , 0  , 0  , 0  , 0  , 0  , 0  , 0  , 0  , 0  , 0  , 0  , 0  , 0  , 0  , 0  , 0  , 0  , 0  , 0  , 0  , 0  , 0  , 0  , 0  , 0  ,2018/1/3 ,下午 05:47:49 
 3570 ,PASS ,  0  , 0  , 0  , 0  , 0  , 0  , 3.359  , 0  , 3.359  , 0  , 0  , 0  , 0  , 0  , 0  , 0  , 0  , 0  , 775.123  , 0  , 113.374  , 3.679  , 0  , 4.076  , 3.338  , 3.333  , 3.333  , 0  , 0  , 0  , 19.2  , 0  , 19.2  , 0  , 0  , 0  , 90.35064  , 0  , 81.6732  , 0  , 0  , 0  , 0  , 0  , 0  , 0  , 0  , 331.384  , 0  , 45.71  , 0  , 0  , 0  , 0  , 0  , 0  , 0  , 0  , 0  , 0  , 0  , 0  , 0  , 0  , 0  , 0  , 0  , 0  , 0  , 0  , 0  , 0  , 0  , 0  , 0  ,2018/1/3 ,下午 05:48:09 
 3571 ,PASS ,  0  , 0  , 0  , 0  , 0  , 0  , 3.316  , 0  , 3.316  , 0  , 0  , 0  , 0  , 0  , 0  , 0  , 0  , 0  , 768.442  , 0  , 112.557  , 3.645  , 0  , 4.047  , 3.299  , 3.295  , 3.294  , 0  , 0  , 0  , 19.2  , 0  , 20  , 0  , 0  , 0  , 90.37037  , 0  , 81.14653  , 0  , 0  , 0  , 0  , 0  , 0  , 0  , 0  , 314.785  , 0  , 46.835  , 0  , 0  , 0  , 0  , 0  , 0  , 0  , 0  , 0  , 0  , 0  , 0  , 0  , 0  , 0  , 0  , 0  , 0  , 0  , 0  , 0  , 0  , 0  , 0  , 0  ,2018/1/3 ,下午 05:48:30 
 3572 ,PASS ,  0  , 0  , 0  , 0  , 0  , 0  , 3.303  , 0  , 3.303  , 0  , 0  , 0  , 0  , 0  , 0  , 0  , 0  , 0  , 764.988  , 0  , 111.992  , 3.628  , 0  , 4.027  , 3.283  , 3.28  , 3.279  , 0  , 0  , 0  , 19.2  , 0  , 19.2  , 0  , 0  , 0  , 90.54575  , 0  , 81.35088  , 0  , 0  , 0  , 0  , 0  , 0  , 0  , 0  , 361.294  , 0  , 54.562  , 0  , 0  , 0  , 0  , 0  , 0  , 0  , 0  , 0  , 0  , 0  , 0  , 0  , 0  , 0  , 0  , 0  , 0  , 0  , 0  , 0  , 0  , 0  , 0  , 0  ,2018/1/3 ,下午 05:48:52 
 3573 ,PASS ,  0  , 0  , 0  , 0  , 0  , 0  , 3.323  , 0  , 3.321  , 0  , 0  , 0  , 0  , 0  , 0  , 0  , 0  , 0  , 768.943  , 0  , 112.605  , 3.649  , 0  , 4.049  , 3.305  , 3.298  , 3.296  , 0  , 0  , 0  , 18.4  , 0  , 20  , 0  , 0  , 0  , 90.46314  , 0  , 81.30403  , 0  , 0  , 0  , 0  , 0  , 0  , 0  , 0  , 382.38  , 0  , 54.309  , 0  , 0  , 0  , 0  , 0  , 0  , 0  , 0  , 0  , 0  , 0  , 0  , 0  , 0  , 0  , 0  , 0  , 0  , 0  , 0  , 0  , 0  , 0  , 0  , 0  ,2018/1/3 ,下午 05:49:12 
 3574 ,PASS ,  0  , 0  , 0  , 0  , 0  , 0  , 3.351  , 0  , 3.353  , 0  , 0  , 0  , 0  , 0  , 0  , 0  , 0  , 0  , 775.395  , 0  , 113.384  , 3.679  , 0  , 4.078  , 3.336  , 3.334  , 3.331  , 0  , 0  , 0  , 20.8  , 0  , 20.8  , 0  , 0  , 0  , 90.45937  , 0  , 81.55959  , 0  , 0  , 0  , 0  , 0  , 0  , 0  , 0  , 368.463  , 0  , 51.818  , 0  , 0  , 0  , 0  , 0  , 0  , 0  , 0  , 0  , 0  , 0  , 0  , 0  , 0  , 0  , 0  , 0  , 0  , 0  , 0  , 0  , 0  , 0  , 0  , 0  ,2018/1/3 ,下午 05:49:34 
 3575 ,PASS ,  0  , 0  , 0  , 0  , 0  , 0  , 3.341  , 0  , 3.341  , 0  , 0  , 0  , 0  , 0  , 0  , 0  , 0  , 0  , 772.204  , 0  , 113.157  , 3.664  , 0  , 4.068  , 3.32  , 3.318  , 3.318  , 0  , 0  , 0  , 20  , 0  , 19.2  , 0  , 0  , 0  , 90.58406  , 0  , 81.4651  , 0  , 0  , 0  , 0  , 0  , 0  , 0  , 0  , 388.577  , 0  , 55.949  , 0  , 0  , 0  , 0  , 0  , 0  , 0  , 0  , 0  , 0  , 0  , 0  , 0  , 0  , 0  , 0  , 0  , 0  , 0  , 0  , 0  , 0  , 0  , 0  , 0  ,2018/1/3 ,下午 05:49:55 
 3576 ,PASS ,  0  , 0  , 0  , 0  , 0  , 0  , 3.319  , 0  , 3.32  , 0  , 0  , 0  , 0  , 0  , 0  , 0  , 0  , 0  , 768.406  , 0  , 112.435  , 3.645  , 0  , 4.042  , 3.299  , 3.295  , 3.296  , 0  , 0  , 0  , 19.2  , 0  , 20.8  , 0  , 0  , 0  , 90.2332  , 0  , 81.37061  , 0  , 0  , 0  , 0  , 0  , 0  , 0  , 0  , 362.573  , 0  , 52.609  , 0  , 0  , 0  , 0  , 0  , 0  , 0  , 0  , 0  , 0  , 0  , 0  , 0  , 0  , 0  , 0  , 0  , 0  , 0  , 0  , 0  , 0  , 0  , 0  , 0  ,2018/1/3 ,下午 05:50:16 
 3577 ,PASS ,  0  , 0  , 0  , 0  , 0  , 0  , 3.301  , 0  , 3.3  , 0  , 0  , 0  , 0  , 0  , 0  , 0  , 0  , 0  , 764.76  , 0  , 112.228  , 3.63  , 0  , 4.036  , 3.281  , 3.279  , 3.279  , 0  , 0  , 0  , 17.6  , 0  , 18.4  , 0  , 0  , 0  , 90.11018  , 0  , 81.04559  , 0  , 0  , 0  , 0  , 0  , 0  , 0  , 0  , 305.159  , 0  , 43.77  , 0  , 0  , 0  , 0  , 0  , 0  , 0  , 0  , 0  , 0  , 0  , 0  , 0  , 0  , 0  , 0  , 0  , 0  , 0  , 0  , 0  , 0  , 0  , 0  , 0  ,2018/1/3 ,下午 05:50:36 
 3578 ,PASS ,  0  , 0  , 0  , 0  , 0  , 0  , 3.316  , 0  , 3.318  , 0  , 0  , 0  , 0  , 0  , 0  , 0  , 0  , 0  , 767.977  , 0  , 112.385  , 3.646  , 0  , 4.043  , 3.299  , 3.296  , 3.295  , 0  , 0  , 0  , 19.2  , 0  , 18.4  , 0  , 0  , 0  , 90.40044  , 0  , 81.17734  , 0  , 0  , 0  , 0  , 0  , 0  , 0  , 0  , 363.061  , 0  , 53.455  , 0  , 0  , 0  , 0  , 0  , 0  , 0  , 0  , 0  , 0  , 0  , 0  , 0  , 0  , 0  , 0  , 0  , 0  , 0  , 0  , 0  , 0  , 0  , 0  , 0  ,2018/1/3 ,下午 05:50:57 
 3579 ,PASS ,  0  , 0  , 0  , 0  , 0  , 0  , 3.345  , 0  , 3.345  , 0  , 0  , 0  , 0  , 0  , 0  , 0  , 0  , 0  , 773.86  , 0  , 113.19  , 3.67  , 0  , 4.071  , 3.326  , 3.323  , 3.323  , 0  , 0  , 0  , 17.6  , 0  , 19.2  , 0  , 0  , 0  , 90.38147  , 0  , 81.6507  , 0  , 0  , 0  , 0  , 0  , 0  , 0  , 0  , 345.815  , 0  , 48.05  , 0  , 0  , 0  , 0  , 0  , 0  , 0  , 0  , 0  , 0  , 0  , 0  , 0  , 0  , 0  , 0  , 0  , 0  , 0  , 0  , 0  , 0  , 0  , 0  , 0  ,2018/1/3 ,下午 05:51:21 
 3580 ,PASS ,  0  , 0  , 0  , 0  , 0  , 0  , 3.331  , 0  , 3.333  , 0  , 0  , 0  , 0  , 0  , 0  , 0  , 0  , 0  , 771.505  , 0  , 112.714  , 3.658  , 0  , 4.053  , 3.313  , 3.309  , 3.308  , 0  , 0  , 0  , 20.8  , 0  , 18.4  , 0  , 0  , 0  , 90.26791  , 0  , 81.69257  , 0  , 0  , 0  , 0  , 0  , 0  , 0  , 0  , 340.435  , 0  , 50.812  , 0  , 0  , 0  , 0  , 0  , 0  , 0  , 0  , 0  , 0  , 0  , 0  , 0  , 0  , 0  , 0  , 0  , 0  , 0  , 0  , 0  , 0  , 0  , 0  , 0  ,2018/1/3 ,下午 05:51:42 
 3581 ,PASS ,  0  , 0  , 0  , 0  , 0  , 0  , 3.35  , 0  , 3.351  , 0  , 0  , 0  , 0  , 0  , 0  , 0  , 0  , 0  , 774.098  , 0  , 113.118  , 3.672  , 0  , 4.067  , 3.333  , 3.329  , 3.328  , 0  , 0  , 0  , 17.6  , 0  , 20.8  , 0  , 0  , 0  , 90.49564  , 0  , 81.41136  , 0  , 0  , 0  , 0  , 0  , 0  , 0  , 0  , 402.704  , 0  , 57.839  , 0  , 0  , 0  , 0  , 0  , 0  , 0  , 0  , 0  , 0  , 0  , 0  , 0  , 0  , 0  , 0  , 0  , 0  , 0  , 0  , 0  , 0  , 0  , 0  , 0  ,2018/1/3 ,下午 05:52:02 
 3582 ,PASS ,  0  , 0  , 0  , 0  , 0  , 0  , 3.318  , 0  , 3.318  , 0  , 0  , 0  , 0  , 0  , 0  , 0  , 0  , 0  , 767.583  , 0  , 112.458  , 3.643  , 0  , 4.043  , 3.299  , 3.294  , 3.295  , 0  , 0  , 0  , 20  , 0  , 20.8  , 0  , 0  , 0  , 90.50233  , 0  , 81.32574  , 0  , 0  , 0  , 0  , 0  , 0  , 0  , 0  , 386.786  , 0  , 54.722  , 0  , 0  , 0  , 0  , 0  , 0  , 0  , 0  , 0  , 0  , 0  , 0  , 0  , 0  , 0  , 0  , 0  , 0  , 0  , 0  , 0  , 0  , 0  , 0  , 0  ,2018/1/3 ,下午 05:52:23 
 3583 ,PASS ,  0  , 0  , 0  , 0  , 0  , 0  , 3.335  , 0  , 3.335  , 0  , 0  , 0  , 0  , 0  , 0  , 0  , 0  , 0  , 771.253  , 0  , 112.646  , 3.658  , 0  , 4.05  , 3.315  , 3.31  , 3.31  , 0  , 0  , 0  , 18.4  , 0  , 20.8  , 0  , 0  , 0  , 90.40459  , 0  , 81.4321  , 0  , 0  , 0  , 0  , 0  , 0  , 0  , 0  , 314.939  , 0  , 45.93  , 0  , 0  , 0  , 0  , 0  , 0  , 0  , 0  , 0  , 0  , 0  , 0  , 0  , 0  , 0  , 0  , 0  , 0  , 0  , 0  , 0  , 0  , 0  , 0  , 0  ,2018/1/3 ,下午 05:52:44 
 3584 ,PASS ,  0  , 0  , 0  , 0  , 0  , 0  , 3.31  , 0  , 3.31  , 0  , 0  , 0  , 0  , 0  , 0  , 0  , 0  , 0  , 767.109  , 0  , 112.434  , 3.639  , 0  , 4.043  , 3.294  , 3.291  , 3.289  , 0  , 0  , 0  , 19.2  , 0  , 16.8  , 0  , 0  , 0  , 90.43694  , 0  , 81.17734  , 0  , 0  , 0  , 0  , 0  , 0  , 0  , 0  , 363.342  , 0  , 53.396  , 0  , 0  , 0  , 0  , 0  , 0  , 0  , 0  , 0  , 0  , 0  , 0  , 0  , 0  , 0  , 0  , 0  , 0  , 0  , 0  , 0  , 0  , 0  , 0  , 0  ,2018/1/3 ,下午 05:53:05 
 3585 ,PASS ,  0  , 0  , 0  , 0  , 0  , 0  , 3.289  , 0  , 3.29  , 0  , 0  , 0  , 0  , 0  , 0  , 0  , 0  , 0  , 761.67  , 0  , 111.594  , 3.615  , 0  , 4.013  , 3.271  , 3.268  , 3.266  , 0  , 0  , 0  , 18.4  , 0  , 17.6  , 0  , 0  , 0  , 90.34578  , 0  , 81.21107  , 0  , 0  , 0  , 0  , 0  , 0  , 0  , 0  , 354.41  , 0  , 51.675  , 0  , 0  , 0  , 0  , 0  , 0  , 0  , 0  , 0  , 0  , 0  , 0  , 0  , 0  , 0  , 0  , 0  , 0  , 0  , 0  , 0  , 0  , 0  , 0  , 0  ,2018/1/3 ,下午 05:53:26 
 3586 ,PASS ,  0  , 0  , 0  , 0  , 0  , 0  , 3.294  , 0  , 3.294  , 0  , 0  , 0  , 0  , 0  , 0  , 0  , 0  , 0  , 764.13  , 0  , 111.951  , 3.625  , 0  , 4.025  , 3.274  , 3.27  , 3.27  , 0  , 0  , 0  , 20  , 0  , 18.4  , 0  , 0  , 0  , 90.37241  , 0  , 81.26707  , 0  , 0  , 0  , 0  , 0  , 0  , 0  , 0  , 369.273  , 0  , 54.249  , 0  , 0  , 0  , 0  , 0  , 0  , 0  , 0  , 0  , 0  , 0  , 0  , 0  , 0  , 0  , 0  , 0  , 0  , 0  , 0  , 0  , 0  , 0  , 0  , 0  ,2018/1/3 ,下午 05:53:57 
 3587 ,PASS ,  0  , 0  , 0  , 0  , 0  , 0  , 3.315  , 0  , 3.318  , 0  , 0  , 0  , 0  , 0  , 0  , 0  , 0  , 0  , 768.25  , 0  , 112.455  , 3.647  , 0  , 4.043  , 3.299  , 3.296  , 3.294  , 0  , 0  , 0  , 20.8  , 0  , 19.2  , 0  , 0  , 0  , 90.23855  , 0  , 81.22681  , 0  , 0  , 0  , 0  , 0  , 0  , 0  , 0  , 351.451  , 0  , 52.545  , 0  , 0  , 0  , 0  , 0  , 0  , 0  , 0  , 0  , 0  , 0  , 0  , 0  , 0  , 0  , 0  , 0  , 0  , 0  , 0  , 0  , 0  , 0  , 0  , 0  ,2018/1/3 ,下午 05:54:19 
 3588 ,PASS ,  0  , 0  , 0  , 0  , 0  , 0  , 3.316  , 0  , 3.315  , 0  , 0  , 0  , 0  , 0  , 0  , 0  , 0  , 0  , 767.095  , 0  , 112.467  , 3.642  , 0  , 4.043  , 3.298  , 3.294  , 3.294  , 0  , 0  , 0  , 19.2  , 0  , 20.8  , 0  , 0  , 0  , 90.49973  , 0  , 81.20207  , 0  , 0  , 0  , 0  , 0  , 0  , 0  , 0  , 341.274  , 0  , 49.493  , 0  , 0  , 0  , 0  , 0  , 0  , 0  , 0  , 0  , 0  , 0  , 0  , 0  , 0  , 0  , 0  , 0  , 0  , 0  , 0  , 0  , 0  , 0  , 0  , 0  ,2018/1/3 ,下午 05:54:39 
 3589 ,PASS ,  0  , 0  , 0  , 0  , 0  , 0  , 3.326  , 0  , 3.328  , 0  , 0  , 0  , 0  , 0  , 0  , 0  , 0  , 0  , 769.875  , 0  , 112.936  , 3.653  , 0  , 4.06  , 3.308  , 3.303  , 3.304  , 0  , 0  , 0  , 17.6  , 0  , 20.8  , 0  , 0  , 0  , 90.41883  , 0  , 81.133  , 0  , 0  , 0  , 0  , 0  , 0  , 0  , 0  , 359.865  , 0  , 54.244  , 0  , 0  , 0  , 0  , 0  , 0  , 0  , 0  , 0  , 0  , 0  , 0  , 0  , 0  , 0  , 0  , 0  , 0  , 0  , 0  , 0  , 0  , 0  , 0  , 0  ,2018/1/3 ,下午 05:55:01 
 3590 ,PASS ,  0  , 0  , 0  , 0  , 0  , 0  , 3.353  , 0  , 3.354  , 0  , 0  , 0  , 0  , 0  , 0  , 0  , 0  , 0  , 773.693  , 0  , 113.285  , 3.672  , 0  , 4.073  , 3.328  , 3.321  , 3.321  , 0  , 0  , 0  , 20  , 0  , 19.2  , 0  , 0  , 0  , 90.55011  , 0  , 81.24233  , 0  , 0  , 0  , 0  , 0  , 0  , 0  , 0  , 333.403  , 0  , 49.599  , 0  , 0  , 0  , 0  , 0  , 0  , 0  , 0  , 0  , 0  , 0  , 0  , 0  , 0  , 0  , 0  , 0  , 0  , 0  , 0  , 0  , 0  , 0  , 0  , 0  ,2018/1/3 ,下午 05:55:22 
 3591 ,PASS ,  0  , 0  , 0  , 0  , 0  , 0  , 3.325  , 0  , 3.326  , 0  , 0  , 0  , 0  , 0  , 0  , 0  , 0  , 0  , 769.583  , 0  , 112.653  , 3.651  , 0  , 4.05  , 3.305  , 3.301  , 3.3  , 0  , 0  , 0  , 19.2  , 0  , 20.8  , 0  , 0  , 0  , 90.3588  , 0  , 81.33333  , 0  , 0  , 0  , 0  , 0  , 0  , 0  , 0  , 369.264  , 0  , 52.496  , 0  , 0  , 0  , 0  , 0  , 0  , 0  , 0  , 0  , 0  , 0  , 0  , 0  , 0  , 0  , 0  , 0  , 0  , 0  , 0  , 0  , 0  , 0  , 0  , 0  ,2018/1/3 ,下午 05:55:42 
 3592 ,PASS ,  0  , 0  , 0  , 0  , 0  , 0  , 3.3  , 0  , 3.3  , 0  , 0  , 0  , 0  , 0  , 0  , 0  , 0  , 0  , 764.749  , 0  , 112.126  , 3.634  , 0  , 4.032  , 3.281  , 3.279  , 3.279  , 0  , 0  , 0  , 20  , 0  , 17.6  , 0  , 0  , 0  , 90.17611  , 0  , 81.3244  , 0  , 0  , 0  , 0  , 0  , 0  , 0  , 0  , 356.997  , 0  , 52.473  , 0  , 0  , 0  , 0  , 0  , 0  , 0  , 0  , 0  , 0  , 0  , 0  , 0  , 0  , 0  , 0  , 0  , 0  , 0  , 0  , 0  , 0  , 0  , 0  , 0  ,2018/1/3 ,下午 05:56:02 
 3593 ,PASS ,  0  , 0  , 0  , 0  , 0  , 0  , 3.324  , 0  , 3.326  , 0  , 0  , 0  , 0  , 0  , 0  , 0  , 0  , 0  , 769.417  , 0  , 112.667  , 3.65  , 0  , 4.052  , 3.306  , 3.304  , 3.301  , 0  , 0  , 0  , 19.2  , 0  , 18.4  , 0  , 0  , 0  , 90.43835  , 0  , 81.36723  , 0  , 0  , 0  , 0  , 0  , 0  , 0  , 0  , 297.21  , 0  , 40.878  , 0  , 0  , 0  , 0  , 0  , 0  , 0  , 0  , 0  , 0  , 0  , 0  , 0  , 0  , 0  , 0  , 0  , 0  , 0  , 0  , 0  , 0  , 0  , 0  , 0  ,2018/1/3 ,下午 05:56:23 
 3594 ,PASS ,  0  , 0  , 0  , 0  , 0  , 0  , 3.351  , 0  , 3.35  , 0  , 0  , 0  , 0  , 0  , 0  , 0  , 0  , 0  , 774.813  , 0  , 113.242  , 3.68  , 0  , 4.072  , 3.33  , 3.326  , 3.324  , 0  , 0  , 0  , 19.2  , 0  , 18.4  , 0  , 0  , 0  , 90.13586  , 0  , 81.60609  , 0  , 0  , 0  , 0  , 0  , 0  , 0  , 0  , 370.152  , 0  , 53.654  , 0  , 0  , 0  , 0  , 0  , 0  , 0  , 0  , 0  , 0  , 0  , 0  , 0  , 0  , 0  , 0  , 0  , 0  , 0  , 0  , 0  , 0  , 0  , 0  , 0  ,2018/1/3 ,下午 05:56:44 
 3595 ,PASS ,  0  , 0  , 0  , 0  , 0  , 0  , 3.358  , 0  , 3.358  , 0  , 0  , 0  , 0  , 0  , 0  , 0  , 0  , 0  , 776.273  , 0  , 113.693  , 3.684  , 0  , 4.089  , 3.34  , 3.339  , 3.339  , 0  , 0  , 0  , 19.2  , 0  , 18.4  , 0  , 0  , 0  , 90.39088  , 0  , 81.56028  , 0  , 0  , 0  , 0  , 0  , 0  , 0  , 0  , 366.419  , 0  , 54.736  , 0  , 0  , 0  , 0  , 0  , 0  , 0  , 0  , 0  , 0  , 0  , 0  , 0  , 0  , 0  , 0  , 0  , 0  , 0  , 0  , 0  , 0  , 0  , 0  , 0  ,2018/1/3 ,下午 05:57:04 
 3596 ,PASS ,  0  , 0  , 0  , 0  , 0  , 0  , 3.3  , 0  , 3.301  , 0  , 0  , 0  , 0  , 0  , 0  , 0  , 0  , 0  , 765.615  , 0  , 111.822  , 3.632  , 0  , 4.022  , 3.28  , 3.278  , 3.278  , 0  , 0  , 0  , 20.8  , 0  , 20  , 0  , 0  , 0  , 90.08811  , 0  , 81.47688  , 0  , 0  , 0  , 0  , 0  , 0  , 0  , 0  , 309.293  , 0  , 44.592  , 0  , 0  , 0  , 0  , 0  , 0  , 0  , 0  , 0  , 0  , 0  , 0  , 0  , 0  , 0  , 0  , 0  , 0  , 0  , 0  , 0  , 0  , 0  , 0  , 0  ,2018/1/3 ,下午 05:57:25 
